,fielder,overall,ratings
0,KD Karthik,2480,119
1,MS Dhoni,2320,111
2,RV Uthappa,2100,100
3,AB de Villiers,2000,95
4,SK Raina,1920,91
5,NV Ojha,1620,76
6,PA Patel,1600,75
7,AC Gilchrist,1600,75
8,RG Sharma,1480,69
9,V Kohli,1460,68
10,DJ Bravo,1380,64
11,WP Saha,1280,59
12,KC Sangakkara,1260,58
13,KA Pollard,1240,57
14,MK Pandey,1160,53
15,AT Rayudu,1140,52
16,RA Jadeja,1140,52
17,DA Warner,1080,49
18,M Vijay,1060,48
19,S Dhawan,1040,47
20,AM Rahane,1000,45
21,YK Pathan,980,44
22,DA Miller,980,44
23,V Sehwag,940,42
24,SV Samson,920,41
25,DR Smith,900,40
26,SPD Smith,880,39
27,MK Tiwary,880,39
28,DPMD Jayawardene,880,39
29,BB McCullum,880,39
30,R Vinay Kumar,820,36
31,Harbhajan Singh,820,36
32,RP Singh,780,34
33,JH Kallis,760,33
34,F du Plessis,760,33
35,IK Pathan,760,33
36,Yuvraj Singh,760,33
37,PP Chawla,760,33
38,SR Watson,720,31
39,MS Bisla,700,30
40,DJ Hussey,680,29
41,JP Duminy,680,29
42,G Gambhir,660,28
43,HH Gibbs,640,27
44,SE Marsh,640,27
45,SS Tiwary,640,27
46,MEK Hussey,640,27
47,EJG Morgan,620,26
48,R Dravid,620,26
49,CL White,620,26
50,DW Steyn,620,26
51,SR Tendulkar,620,26
52,R Bhatia,600,25
53,BJ Hodge,600,25
54,SC Ganguly,560,23
55,TM Dilshan,560,23
56,R Ashwin,560,23
57,M Manhas,560,23
58,Mandeep Singh,560,23
59,MC Henriques,540,22
60,CH Gayle,540,22
61,SA Yadav,540,22
62,UT Yadav,540,22
63,S Badrinath,520,21
64,STR Binny,520,21
65,SB Jakati,520,21
66,SP Goswami,520,21
67,YV Takawale,520,21
68,A Symonds,520,21
69,M Rawat,520,21
70,JA Morkel,520,21
71,KM Jadhav,520,21
72,Z Khan,500,20
73,SL Malinga,500,20
74,A Mishra,500,20
75,GJ Maxwell,500,20
76,AD Mathews,480,19
77,LR Shukla,480,19
78,MA Agarwal,480,19
79,DH Yagnik,480,19
80,J Botha,480,19
81,M Kartik,480,19
82,LRPL Taylor,480,19
83,RJ Harris,460,18
84,CH Morris,460,18
85,KL Rahul,460,18
86,MV Boucher,460,18
87,AR Patel,440,17
88,AJ Finch,440,17
89,P Kumar,440,17
90,JP Faulkner,440,17
91,A Nehra,440,17
92,M Muralitharan,440,17
93,I Sharma,440,17
94,GJ Bailey,420,16
95,MG Johnson,420,16
96,B Kumar,420,16
97,M Kaif,420,16
98,NLTC Perera,420,16
99,MA Starc,420,16
100,TL Suman,400,15
101,SK Trivedi,400,15
102,MM Sharma,400,15
103,Iqbal Abdulla,400,15
104,KK Cooper,380,14
105,M Morkel,380,14
106,KP Pietersen,380,14
107,DT Christian,380,14
108,AA Jhunjhunwala,380,14
109,PP Ojha,380,14
110,AM Nayar,380,14
111,PR Shah,380,14
112,Y Venugopal Rao,380,14
113,ML Hayden,380,14
114,N Saini,380,14
115,Gurkeerat Singh,360,13
116,HH Pandya,360,13
117,SK Warne,360,13
118,YS Chahal,360,13
119,DB Ravi Teja,360,13
120,DS Kulkarni,360,13
121,MM Patel,360,13
122,KB Arun Karthik,360,13
123,S Anirudha,340,12
124,HV Patel,340,12
125,M Vohra,340,12
126,KK Nair,340,12
127,L Balaji,340,12
128,DL Vettori,340,12
129,Shakib Al Hasan,320,11
130,AB Dinda,320,11
131,P Negi,320,11
132,R Sathish,320,11
133,B Lee,320,11
134,TG Southee,320,11
135,A Ashish Reddy,300,10
136,JD Ryder,300,10
137,Q de Kock,300,10
138,K Goel,300,10
139,R Sharma,300,10
140,S Nadeem,300,10
141,AD Russell,280,9
142,DB Das,280,9
143,Kamran Akmal,280,9
144,AS Raut,280,9
145,KV Sharma,280,9
146,DJG Sammy,280,9
147,Y Nagar,280,9
148,A Kumble,280,9
149,RN ten Doeschate,280,9
150,LMP Simmons,280,9
151,MR Marsh,260,8
152,GH Vihari,260,8
153,UBT Chand,260,8
154,J Suchith,260,8
155,RE van der Merwe,260,8
156,R Dhawan,260,8
157,PJ Sangwan,260,8
158,Bipul Sharma,260,8
159,JDP Oram,260,8
160,AP Tare,260,8
161,DP Nannes,260,8
162,OA Shah,260,8
163,A Mithun,260,8
164,SS Iyer,260,8
165,SP Narine,240,7
166,DJ Hooda,240,7
167,KS Williamson,240,7
168,MN van Wyk,240,7
169,NM Coulter-Nile,240,7
170,DE Bollinger,240,7
171,GC Smith,240,7
172,Azhar Mahmood,240,7
173,LA Pomersbach,240,7
174,CM Gautam,240,7
175,JC Buttler,240,7
176,AB Agarkar,240,7
177,TA Boult,220,6
178,ST Jayasuriya,220,6
179,CA Pujara,220,6
180,IC Pandey,220,6
181,JEC Franklin,220,6
182,CJ Anderson,220,6
183,SA Asnodkar,220,6
184,Sohail Tanvir,220,6
185,SW Tait,220,6
186,R McLaren,220,6
187,Joginder Sharma,220,6
188,JD Unadkat,220,6
189,FY Fazal,220,6
190,VY Mahesh,220,6
191,NK Patel,220,6
192,WD Parnell,220,6
193,Anureet Singh,200,5
194,RR Powar,200,5
195,GB Hogg,200,5
196,W Jaffer,200,5
197,MS Gony,200,5
198,Kamran Khan,200,5
199,MJ Lumb,200,5
200,KW Richardson,200,5
201,Mohammed Shami,200,5
202,MF Maharoof,200,5
203,Sandeep Sharma,200,5
204,R Shukla,200,5
205,JO Holder,200,5
206,VVS Laxman,200,5
207,D Wiese,200,5
208,WA Mota,200,5
209,BJ Rohrer,200,5
210,JR Hopes,200,5
211,P Dogra,200,5
212,P Awana,200,5
213,DJ Jacobs,200,5
214,LA Carseldine,180,4
215,S Aravind,180,4
216,CR Brathwaite,180,4
217,B Sumanth,180,4
218,TM Srivastava,180,4
219,KP Appanna,180,4
220,RS Bopara,180,4
221,BB Samantray,180,4
222,AL Menaria,180,4
223,LJ Wright,180,4
224,Anand Rajan,180,4
225,AC Thomas,180,4
226,AC Blizzard,180,4
227,SW Billings,180,4
228,Sachin Baby,180,4
229,SB Bangar,180,4
230,AG Murtaza,180,4
231,LPC Silva,180,4
232,Shoaib Ahmed,180,4
233,CA Lynn,180,4
234,RT Ponting,180,4
235,RV Gomez,180,4
236,Shahid Afridi,180,4
237,R Rampaul,180,4
238,B Akhil,180,4
239,BB Sran,180,4
240,L Ronchi,180,4
241,Ankit Sharma,180,4
242,AC Voges,180,4
243,CK Kapugedera,180,4
244,RR Raje,180,4
245,Shoaib Malik,180,4
246,SM Katich,180,4
247,J Theron,160,3
248,PD Collingwood,160,3
249,B Chipli,160,3
250,Karanveer Singh,160,3
251,S Sreesanth,160,3
252,PA Reddy,160,3
253,CJ Jordan,160,3
254,KMDN Kulasekara,160,3
255,Anirudh Singh,160,3
256,BMAJ Mendis,160,3
257,A Flintoff,160,3
258,AUK Pathan,160,3
259,PC Valthaty,160,3
260,Parvez Rasool,160,3
261,S Randiv,160,3
262,B Geeves,160,3
263,BE Hendricks,160,3
264,U Kaul,160,3
265,A Chopra,160,3
266,A Mukund,160,3
267,Harmeet Singh,160,3
268,M Ntini,160,3
269,VRV Singh,160,3
270,SB Styris,160,3
271,T Thushara,160,3
272,Imran Tahir,160,3
273,AN Ahmed,160,3
274,RR Pant,160,3
275,AA Chavan,160,3
276,BR Dunk,160,3
277,S Ladda,160,3
278,S Rana,160,3
279,BCJ Cutting,160,3
280,Yashpal Singh,160,3
281,VR Aaron,160,3
282,S Tyagi,160,3
283,AS Yadav,140,2
284,SMSM Senanayake,140,2
285,SD Chitnis,140,2
286,Pankaj Singh,140,2
287,SP Fleming,140,2
288,C Munro,140,2
289,Mustafizur Rahman,140,2
290,SM Pollock,140,2
291,CJ Ferguson,140,2
292,SJ Srivastava,140,2
293,SS Shaikh,140,2
294,Harpreet Singh,140,2
295,Salman Butt,140,2
296,P Amarnath,140,2
297,DJ Harris,140,2
298,KH Pandya,140,2
299,Y Gnaneswara Rao,140,2
300,VS Malik,140,2
301,DT Patil,140,2
302,IR Jaggi,140,2
303,KC Cariappa,140,2
304,AG Paunikar,140,2
305,S Sohal,140,2
306,RS Sodhi,140,2
307,Mohammad Hafeez,140,2
308,DAJ Bracewell,140,2
309,SB Wagh,140,2
310,RE Levi,140,2
311,AD Mascarenhas,140,2
312,D Salunkhe,140,2
313,J Yadav,140,2
314,RR Rossouw,140,2
315,A Chandila,140,2
316,AM Salvi,140,2
317,CRD Fernando,140,2
318,SM Harwood,140,2
319,GD McGrath,140,2
320,Mohammad Ashraful,140,2
321,RJ Quiney,140,2
322,ER Dwivedi,140,2
323,AP Dole,140,2
324,DJ Thornely,140,2
325,NS Naik,140,2
326,S Narwal,140,2
327,UT Khawaja,120,1
328,R Tewatia,120,1
329,P Suyal,120,1
330,MD Mishra,120,1
331,AA Bilakhia,120,1
332,AN Ghosh,120,1
333,A Singh,120,1
334,Mashrafe Mortaza,120,1
335,Younis Khan,120,1
336,AF Milne,120,1
337,NJ Maddinson,120,1
338,KAJ Roach,120,1
339,DL Chahar,120,1
340,D Kalyankrishna,120,1
341,Shivam Sharma,120,1
342,SN Khan,120,1
343,BAW Mendis,120,1
344,T Taibu,120,1
345,RG More,120,1
346,MJ McClenaghan,120,1
347,MJ Clarke,120,1
348,J Syed Mohammad,120,1
349,K Upadhyay,120,1
350,JM Kemp,120,1
351,R Ninan,120,1
352,RJ Peterson,120,1
353,AS Rajpoot,120,1
354,WPUJC Vaas,120,1
355,K Santokie,120,1
356,BW Hilfenhaus,120,1
357,Kuldeep Yadav,120,1
358,Sunny Singh,120,1
359,T Kohli,120,1
360,JJ Bumrah,120,1
361,UA Birla,120,1
362,RR Sarwan,120,1
363,PJ Cummins,120,1
364,NL McCullum,120,1
365,PV Tambe,120,1
366,S Vidyut,120,1
367,MN Samuels,120,1
368,Ishan Kishan,120,1
369,RR Bhatkal,120,1
370,S Kaul,120,1
371,F Behardien,120,1
372,Misbah-ul-Haq,120,1
373,R Bishnoi,120,1
374,Umar Gul,120,1
375,M de Lange,100,0
376,B Brainder Sran,100,0
377,RA Shaikh,100,0
378,MC Juneja,100,0
379,Swapnil Singh,100,0
380,CJ McKay,100,0
381,PSP Handscomb,100,0
382,DR Martyn,100,0
383,T Henderson,100,0
384,AP Majumdar,100,0
385,M Ashwin,100,0
386,TD Paine,100,0
387,AB Barath,100,0
388,KJ Abbott,100,0
389,GR Napier,100,0
390,CK Langeveldt,100,0
391,Gagandeep Singh,100,0
392,BJ Haddin,100,0
393,TM Head,100,0
394,T Shamsi,100,0
395,S Chanderpaul,100,0
396,JDS Neesham,100,0
397,N Rana,100,0
398,MB Parmar,100,0
399,SM Boland,100,0
400,RS Gavaskar,100,0
401,P Parameswaran,100,0
402,DJ Muthuswami,100,0
403,RW Price,100,0
404,TP Sudhindra,100,0
405,MP Stoinis,100,0
406,Shoaib Akhtar,100,0
407,Abdur Razzak,100,0
408,Sandeep Sharma (1),100,0
409,A Uniyal,100,0
410,VS Yeligati,100,0
411,M Klinger,100,0
412,GS Sandhu,100,0
413,L Ablish,100,0
414,NJ Rimmington,100,0
415,DS Lehmann,100,0
416,VH Zol,100,0
417,HM Amla,100,0
418,JJ van der Wath,100,0
419,DP Vijaykumar,100,0
420,P Prasanth,100,0
421,V Shankar,100,0
422,V Pratap Singh,100,0
423,AB McDonald,100,0
424,SS Sarkar,100,0
425,H Das,100,0
426,C Nanda,100,0
427,X Thalaivan Sargunam,100,0
428,A Nel,100,0
429,SE Bond,100,0
430,SB Joshi,100,0
431,Mohammad Asif,100,0
432,JE Taylor,100,0
433,J Arunkumar,100,0
434,B Laughlin,100,0
435,A Zampa,100,0
436,MG Neser,100,0
437,C Madan,100,0
438,S Gopal,100,0
439,CA Ingram,100,0
440,C Ganapathy,100,0
441,MDKJ Perera,100,0
442,Jaskaran Singh,100,0
443,MS Wade,100,0
444,I Malhotra,100,0
445,AA Noffke,100,0
446,BA Bhatt,100,0
447,MA Khote,100,0
448,DNT Zoysa,100,0
449,JW Hastings,100,0
450,D du Preez,100,0
451,TR Birt,100,0
452,SA Abbott,100,0
453,ND Doshi,100,0
454,Shami Ahmed,100,0
455,S Badree,100,0
456,SS Mundhe,100,0
457,S Kaushik,100,0
458,P Sahu,100,0
459,AA Kazi,100,0
460,S Sriram,100,0
461,RR Bose,100,0
462,SN Thakur,100,0
463,AD Nath,100,0
464,YA Abdulla,100,0
465,MJ Guptill,100,0
466,FH Edwards,100,0
467,Sunny Gupta,100,0
468,PM Sarvesh Kumar,100,0
