,fielder,overall,ratings
769,TM Dilshan,560,23
768,Kuldeep Yadav,120,1
767,M Muralitharan,440,17
766,LA Carseldine,180,4
765,J Botha,480,19
764,KA Pollard,1240,57
763,DR Smith,900,40
762,Jaskaran Singh,100,0
761,A Flintoff,160,3
760,M Manhas,560,23
759,GR Napier,100,0
758,B Lee,320,11
757,D du Preez,100,0
756,BMAJ Mendis,160,3
755,AR Patel,440,17
754,SA Yadav,540,22
753,NM Coulter-Nile,240,7
752,Mohammad Hafeez,140,2
751,LPC Silva,180,4
750,AL Menaria,180,4
749,HV Patel,340,12
748,Joginder Sharma,220,6
747,YK Pathan,980,44
746,RG Sharma,1480,69
745,RG More,120,1
744,SK Trivedi,400,15
743,STR Binny,520,21
742,ND Doshi,100,0
741,MP Stoinis,100,0
740,A Singh,120,1
739,B Kumar,420,16
738,C Nanda,100,0
737,R McLaren,220,6
736,TP Sudhindra,100,0
735,CR Brathwaite,180,4
734,JD Unadkat,220,6
733,R Ashwin,560,23
732,AB Agarkar,240,7
731,MS Gony,200,5
730,SD Chitnis,140,2
729,P Parameswaran,100,0
728,A Chandila,140,2
727,DJ Thornely,140,2
726,DJ Muthuswami,100,0
725,KH Pandya,140,2
724,S Tyagi,160,3
723,RJ Peterson,120,1
722,BCJ Cutting,160,3
721,R Tewatia,120,1
720,N Rana,100,0
719,MF Maharoof,200,5
718,P Sahu,100,0
717,S Aravind,180,4
716,CJ McKay,100,0
715,Parvez Rasool,160,3
714,VS Yeligati,100,0
713,SJ Srivastava,140,2
712,Anand Rajan,180,4
711,SP Narine,240,7
710,RA Shaikh,100,0
709,M Vijay,1060,48
708,C Munro,140,2
707,AD Mascarenhas,140,2
706,TG Southee,320,11
705,RR Powar,200,5
704,BAW Mendis,120,1
703,AS Raut,280,9
702,SE Bond,100,0
701,DJG Sammy,280,9
700,BB Sran,180,4
699,HH Pandya,360,13
698,AF Milne,120,1
697,K Goel,300,10
696,Mashrafe Mortaza,120,1
695,RW Price,100,0
694,Swapnil Singh,100,0
693,V Sehwag,940,42
692,A Nel,100,0
691,DJ Harris,140,2
690,KMDN Kulasekara,160,3
689,KV Sharma,280,9
688,K Santokie,120,1
687,AB McDonald,100,0
686,J Theron,160,3
685,S Dhawan,1040,47
684,Bipul Sharma,260,8
683,SB Joshi,100,0
682,SL Malinga,500,20
681,RN ten Doeschate,280,9
680,GJ Maxwell,500,20
679,CK Langeveldt,100,0
678,B Laughlin,100,0
677,LJ Wright,180,4
676,AUK Pathan,160,3
675,AB Dinda,320,11
674,R Dhawan,260,8
673,B Brainder Sran,100,0
672,KJ Abbott,100,0
671,D Kalyankrishna,120,1
670,MA Khote,100,0
669,M Ntini,160,3
668,R Sathish,320,11
667,MA Starc,420,16
666,PC Valthaty,160,3
665,GD McGrath,140,2
664,SB Bangar,180,4
663,JE Taylor,100,0
662,I Malhotra,100,0
661,SMSM Senanayake,140,2
660,S Sriram,100,0
659,Karanveer Singh,160,3
658,AM Rahane,1000,45
657,Shakib Al Hasan,320,11
656,Gagandeep Singh,100,0
655,R Bhatia,600,25
654,A Kumble,280,9
653,DE Bollinger,240,7
652,VS Malik,140,2
651,R Ninan,120,1
650,RR Raje,180,4
649,S Badree,100,0
648,B Geeves,160,3
647,SM Harwood,140,2
646,J Suchith,260,8
645,UT Yadav,540,22
644,MJ Clarke,120,1
643,BE Hendricks,160,3
642,T Henderson,100,0
641,R Vinay Kumar,820,36
640,M Morkel,380,14
639,Ankit Sharma,180,4
638,JH Kallis,760,33
637,LRPL Taylor,480,19
636,WA Mota,200,5
635,Kamran Khan,200,5
634,AD Russell,280,9
633,A Mishra,500,20
632,R Sharma,300,10
631,NLTC Perera,420,16
630,SS Mundhe,100,0
629,JJ Bumrah,120,1
628,P Amarnath,140,2
627,AA Chavan,160,3
626,YS Chahal,360,13
625,DJ Bravo,1380,64
624,LR Shukla,480,19
623,DJ Hussey,680,29
622,LMP Simmons,280,9
621,PD Collingwood,160,3
620,Shivam Sharma,120,1
619,KC Cariappa,140,2
618,D Wiese,200,5
617,RR Bose,100,0
616,A Zampa,100,0
615,AA Noffke,100,0
614,S Sreesanth,160,3
613,KP Pietersen,380,14
612,M de Lange,100,0
611,CL White,620,26
610,I Sharma,440,17
609,MC Henriques,540,22
608,Shoaib Malik,180,4
607,DAJ Bracewell,140,2
606,AS Rajpoot,120,1
605,Sohail Tanvir,220,6
604,L Balaji,340,12
603,Harbhajan Singh,820,36
602,DP Nannes,260,8
601,MB Parmar,100,0
600,T Shamsi,100,0
599,CH Gayle,540,22
598,V Pratap Singh,100,0
597,DNT Zoysa,100,0
596,Y Nagar,280,9
595,P Suyal,120,1
594,Mohammed Shami,200,5
593,SN Thakur,100,0
592,RE van der Merwe,260,8
591,SB Jakati,520,21
590,FY Fazal,220,6
589,AA Kazi,100,0
588,Pankaj Singh,140,2
587,S Nadeem,300,10
586,AM Nayar,380,14
585,Umar Gul,120,1
584,Harmeet Singh,160,3
583,TL Suman,400,15
582,Azhar Mahmood,240,7
581,SK Raina,1920,91
580,GS Sandhu,100,0
579,Gurkeerat Singh,360,13
578,Y Venugopal Rao,380,14
577,MR Marsh,260,8
576,GH Vihari,260,8
575,MK Tiwary,880,39
574,SS Sarkar,100,0
573,Yuvraj Singh,760,33
572,WD Parnell,220,6
571,R Rampaul,180,4
570,BA Bhatt,100,0
569,BW Hilfenhaus,120,1
568,VR Aaron,160,3
567,AM Salvi,140,2
566,RS Bopara,180,4
565,PP Ojha,380,14
564,SB Styris,160,3
563,A Uniyal,100,0
562,P Prasanth,100,0
561,K Upadhyay,120,1
560,CRD Fernando,140,2
559,MM Sharma,400,15
558,M Ashwin,100,0
557,SR Watson,720,31
556,AD Mathews,480,19
555,PM Sarvesh Kumar,100,0
554,IC Pandey,220,6
553,DS Kulkarni,360,13
552,RP Singh,780,34
551,AA Jhunjhunwala,380,14
550,M Kartik,480,19
549,NJ Rimmington,100,0
548,Sandeep Sharma (1),100,0
547,MJ McClenaghan,120,1
546,RS Gavaskar,100,0
545,MG Neser,100,0
544,B Akhil,180,4
543,JD Ryder,300,10
542,AP Dole,140,2
541,AJ Finch,440,17
540,S Kaul,120,1
539,A Nehra,440,17
538,T Thushara,160,3
537,SM Pollock,140,2
536,Iqbal Abdulla,400,15
535,Shami Ahmed,100,0
534,IK Pathan,760,33
533,MN Samuels,120,1
532,P Negi,320,11
531,S Vidyut,120,1
530,A Ashish Reddy,300,10
529,DJ Hooda,240,7
528,NL McCullum,120,1
527,Imran Tahir,160,3
526,D Salunkhe,140,2
525,DP Vijaykumar,100,0
524,BJ Hodge,600,25
523,KW Richardson,200,5
522,V Kohli,1460,68
521,SW Tait,220,6
520,J Syed Mohammad,120,1
519,Sandeep Sharma,200,5
518,KK Cooper,380,14
517,Sachin Baby,180,4
516,S Randiv,160,3
515,GB Hogg,200,5
514,PJ Sangwan,260,8
513,Shoaib Ahmed,180,4
512,RA Jadeja,1140,52
511,AN Ahmed,160,3
510,JEC Franklin,220,6
509,TA Boult,220,6
508,Anureet Singh,200,5
507,JM Kemp,120,1
506,P Awana,200,5
505,SPD Smith,880,39
504,SA Abbott,100,0
503,WPUJC Vaas,120,1
502,L Ablish,100,0
501,DL Vettori,340,12
500,SK Warne,360,13
499,FH Edwards,100,0
498,Y Gnaneswara Rao,140,2
497,S Rana,160,3
496,JP Faulkner,440,17
495,DL Chahar,120,1
494,KS Williamson,240,7
493,S Narwal,140,2
492,Sunny Gupta,100,0
491,VRV Singh,160,3
490,A Symonds,520,21
489,DB Ravi Teja,360,13
488,VY Mahesh,220,6
487,KP Appanna,180,4
486,S Ladda,160,3
485,J Yadav,140,2
484,JDP Oram,260,8
483,AG Murtaza,180,4
482,KAJ Roach,120,1
481,RV Gomez,180,4
480,F du Plessis,760,33
479,SB Wagh,140,2
478,DW Steyn,620,26
477,JA Morkel,520,21
476,AC Thomas,180,4
475,RR Bhatkal,120,1
474,RJ Harris,460,18
473,B Chipli,160,3
472,ST Jayasuriya,220,6
471,Mohammad Asif,100,0
470,DT Christian,380,14
469,CH Morris,460,18
468,JW Hastings,100,0
467,PP Chawla,760,33
466,CK Kapugedera,180,4
465,YA Abdulla,100,0
464,JO Holder,200,5
463,Abdur Razzak,100,0
462,A Mithun,260,8
461,V Shankar,100,0
460,S Kaushik,100,0
459,JDS Neesham,100,0
458,P Kumar,440,17
457,MM Patel,360,13
456,JP Duminy,680,29
455,AC Voges,180,4
454,SM Boland,100,0
453,PJ Cummins,120,1
452,SC Ganguly,560,23
451,SR Tendulkar,620,26
450,PV Tambe,120,1
449,C Ganapathy,100,0
448,JJ van der Wath,100,0
447,R Shukla,200,5
446,CJ Anderson,220,6
445,Mustafizur Rahman,140,2
444,AC Gilchrist,1600,75
443,Z Khan,500,20
442,Shoaib Akhtar,100,0
441,BJ Rohrer,200,5
440,JR Hopes,200,5
439,S Gopal,100,0
438,CJ Jordan,160,3
437,Shahid Afridi,180,4
436,MG Johnson,420,16
435,S Anirudha,340,12
434,TM Dilshan,560,23
433,M Muralitharan,440,17
432,LA Carseldine,180,4
431,J Botha,480,19
430,KA Pollard,1240,57
429,CA Ingram,100,0
428,DR Smith,900,40
427,Jaskaran Singh,100,0
426,A Flintoff,160,3
425,M Manhas,560,23
424,GR Napier,100,0
423,B Lee,320,11
422,A Mukund,160,3
421,D du Preez,100,0
420,SA Yadav,540,22
419,BMAJ Mendis,160,3
418,AR Patel,440,17
417,NM Coulter-Nile,240,7
416,Mohammad Hafeez,140,2
415,LPC Silva,180,4
414,AL Menaria,180,4
413,HV Patel,340,12
412,Joginder Sharma,220,6
411,KB Arun Karthik,360,13
410,YK Pathan,980,44
409,RS Sodhi,140,2
408,RG Sharma,1480,69
407,UBT Chand,260,8
406,RG More,120,1
405,S Badrinath,520,21
404,KC Sangakkara,1260,58
403,SK Trivedi,400,15
402,STR Binny,520,21
401,ND Doshi,100,0
400,J Arunkumar,100,0
399,MP Stoinis,100,0
398,RT Ponting,180,4
397,CM Gautam,240,7
396,A Singh,120,1
395,B Kumar,420,16
394,C Nanda,100,0
393,R McLaren,220,6
392,AB Barath,100,0
391,CR Brathwaite,180,4
390,JD Unadkat,220,6
389,R Ashwin,560,23
388,AB Agarkar,240,7
387,MS Gony,200,5
386,SD Chitnis,140,2
385,P Parameswaran,100,0
384,A Chandila,140,2
383,DJ Thornely,140,2
382,DJ Muthuswami,100,0
381,KH Pandya,140,2
380,S Tyagi,160,3
379,RJ Peterson,120,1
378,ER Dwivedi,140,2
377,BCJ Cutting,160,3
376,R Tewatia,120,1
375,N Rana,100,0
374,MF Maharoof,200,5
373,SA Asnodkar,220,6
372,DJ Jacobs,200,5
371,P Sahu,100,0
370,S Aravind,180,4
369,CJ McKay,100,0
368,Parvez Rasool,160,3
367,SS Shaikh,140,2
366,VS Yeligati,100,0
365,SJ Srivastava,140,2
364,SP Narine,240,7
363,MS Bisla,700,30
362,M Vijay,1060,48
361,C Munro,140,2
360,F Behardien,120,1
359,AD Mascarenhas,140,2
358,TG Southee,320,11
357,RR Powar,200,5
356,AS Raut,280,9
355,BAW Mendis,120,1
354,SE Bond,100,0
353,DJG Sammy,280,9
352,BB Sran,180,4
351,HH Pandya,360,13
350,K Goel,300,10
349,DPMD Jayawardene,880,39
348,AC Blizzard,180,4
347,TM Head,100,0
346,Mashrafe Mortaza,120,1
345,Swapnil Singh,100,0
344,V Sehwag,940,42
343,A Chopra,160,3
342,DJ Harris,140,2
341,KV Sharma,280,9
340,KMDN Kulasekara,160,3
339,T Taibu,120,1
338,AB McDonald,100,0
337,J Theron,160,3
336,SS Iyer,260,8
335,S Dhawan,1040,47
334,NV Ojha,1620,76
333,Bipul Sharma,260,8
332,R Dravid,620,26
331,SB Joshi,100,0
330,SL Malinga,500,20
329,RN ten Doeschate,280,9
328,GJ Maxwell,500,20
327,CK Langeveldt,100,0
326,B Laughlin,100,0
325,LJ Wright,180,4
324,AUK Pathan,160,3
323,AB Dinda,320,11
322,R Dhawan,260,8
321,KJ Abbott,100,0
320,D Kalyankrishna,120,1
319,GJ Bailey,420,16
318,MA Khote,100,0
317,M Ntini,160,3
316,H Das,100,0
315,R Sathish,320,11
314,SV Samson,920,41
313,RR Sarwan,120,1
312,DT Patil,140,2
311,MA Starc,420,16
310,YV Takawale,520,21
309,PC Valthaty,160,3
308,M Vohra,340,12
307,VVS Laxman,200,5
306,SB Bangar,180,4
305,GD McGrath,140,2
304,JE Taylor,100,0
303,AG Paunikar,140,2
302,I Malhotra,100,0
301,SMSM Senanayake,140,2
300,GC Smith,240,7
299,S Sriram,100,0
298,Karanveer Singh,160,3
297,AM Rahane,1000,45
296,OA Shah,260,8
295,Shakib Al Hasan,320,11
294,R Bhatia,600,25
293,A Kumble,280,9
292,DE Bollinger,240,7
291,VS Malik,140,2
290,R Ninan,120,1
289,JC Buttler,240,7
288,AB de Villiers,2000,95
287,RR Raje,180,4
286,SM Harwood,140,2
285,Sunny Singh,120,1
284,UA Birla,120,1
283,J Suchith,260,8
282,UT Yadav,540,22
281,MJ Clarke,120,1
280,BE Hendricks,160,3
279,T Henderson,100,0
278,R Vinay Kumar,820,36
277,M Morkel,380,14
276,Ankit Sharma,180,4
275,JH Kallis,760,33
274,LRPL Taylor,480,19
273,MA Agarwal,480,19
272,BB Samantray,180,4
271,WA Mota,200,5
270,Kamran Khan,200,5
269,AD Russell,280,9
268,A Mishra,500,20
267,R Sharma,300,10
266,NLTC Perera,420,16
265,JJ Bumrah,120,1
264,AA Chavan,160,3
263,YS Chahal,360,13
262,DJ Bravo,1380,64
261,B Sumanth,180,4
260,RR Pant,160,3
259,SW Billings,180,4
258,DJ Hussey,680,29
257,LR Shukla,480,19
256,SE Marsh,640,27
255,LMP Simmons,280,9
254,PD Collingwood,160,3
253,Shivam Sharma,120,1
252,SN Khan,120,1
251,KC Cariappa,140,2
250,L Ronchi,180,4
249,NK Patel,220,6
248,D Wiese,200,5
247,A Zampa,100,0
246,AA Noffke,100,0
245,S Sreesanth,160,3
244,KP Pietersen,380,14
243,X Thalaivan Sargunam,100,0
242,M de Lange,100,0
241,CL White,620,26
240,S Sohal,140,2
239,I Sharma,440,17
238,MC Henriques,540,22
237,Shoaib Malik,180,4
236,DAJ Bracewell,140,2
235,AS Rajpoot,120,1
234,Sohail Tanvir,220,6
233,L Balaji,340,12
232,Harbhajan Singh,820,36
231,PA Reddy,160,3
230,DP Nannes,260,8
229,CH Gayle,540,22
228,V Pratap Singh,100,0
227,AD Nath,100,0
226,MEK Hussey,640,27
225,DNT Zoysa,100,0
224,MDKJ Perera,100,0
223,NJ Maddinson,120,1
222,S Chanderpaul,100,0
221,Y Nagar,280,9
220,C Madan,100,0
219,Mohammed Shami,200,5
218,SN Thakur,100,0
217,T Kohli,120,1
216,RE van der Merwe,260,8
215,SB Jakati,520,21
214,Anirudh Singh,160,3
213,DS Lehmann,100,0
212,FY Fazal,220,6
211,AP Majumdar,100,0
210,W Jaffer,200,5
209,MK Pandey,1160,53
208,SP Fleming,140,2
207,Pankaj Singh,140,2
206,Misbah-ul-Haq,120,1
205,S Nadeem,300,10
204,RR Rossouw,140,2
203,M Kaif,420,16
202,AM Nayar,380,14
201,Umar Gul,120,1
200,TL Suman,400,15
199,Harmeet Singh,160,3
198,Azhar Mahmood,240,7
197,SK Raina,1920,91
196,Gurkeerat Singh,360,13
195,Y Venugopal Rao,380,14
194,MR Marsh,260,8
193,NS Naik,140,2
192,GH Vihari,260,8
191,MK Tiwary,880,39
190,Yuvraj Singh,760,33
189,WD Parnell,220,6
188,R Rampaul,180,4
187,BA Bhatt,100,0
186,PSP Handscomb,100,0
185,AP Tare,260,8
184,VR Aaron,160,3
183,RS Bopara,180,4
182,PP Ojha,380,14
181,DA Miller,980,44
180,SB Styris,160,3
179,AN Ghosh,120,1
178,IR Jaggi,140,2
177,SS Tiwary,640,27
176,A Uniyal,100,0
175,K Upadhyay,120,1
174,BB McCullum,880,39
173,RV Uthappa,2100,100
172,CRD Fernando,140,2
171,MM Sharma,400,15
170,M Ashwin,100,0
169,SR Watson,720,31
168,AD Mathews,480,19
167,MJ Lumb,200,5
166,PM Sarvesh Kumar,100,0
165,IC Pandey,220,6
164,M Rawat,520,21
163,RP Singh,780,34
162,DS Kulkarni,360,13
161,HH Gibbs,640,27
160,SP Goswami,520,21
159,AA Jhunjhunwala,380,14
158,DR Martyn,100,0
157,M Kartik,480,19
156,NJ Rimmington,100,0
155,Sandeep Sharma (1),100,0
154,MJ McClenaghan,120,1
153,RJ Quiney,140,2
152,RS Gavaskar,100,0
151,Kamran Akmal,280,9
150,AS Yadav,140,2
149,B Akhil,180,4
148,JD Ryder,300,10
147,DA Warner,1080,49
146,AP Dole,140,2
145,AJ Finch,440,17
144,KL Rahul,460,18
143,S Kaul,120,1
142,A Nehra,440,17
141,T Thushara,160,3
140,SM Pollock,140,2
139,Iqbal Abdulla,400,15
138,Harpreet Singh,140,2
137,RE Levi,140,2
136,G Gambhir,660,28
135,IK Pathan,760,33
134,KD Karthik,2480,119
133,LA Pomersbach,240,7
132,MN Samuels,120,1
131,P Negi,320,11
130,S Vidyut,120,1
129,A Ashish Reddy,300,10
128,DJ Hooda,240,7
127,KM Jadhav,520,21
126,NL McCullum,120,1
125,Imran Tahir,160,3
124,BJ Haddin,100,0
123,ML Hayden,380,14
122,D Salunkhe,140,2
121,BJ Hodge,600,25
120,DP Vijaykumar,100,0
119,N Saini,380,14
118,KW Richardson,200,5
117,V Kohli,1460,68
116,SW Tait,220,6
115,DH Yagnik,480,19
114,J Syed Mohammad,120,1
113,Sandeep Sharma,200,5
112,KK Cooper,380,14
111,Sachin Baby,180,4
110,S Randiv,160,3
109,GB Hogg,200,5
108,PJ Sangwan,260,8
107,Shoaib Ahmed,180,4
106,CJ Ferguson,140,2
105,RA Jadeja,1140,52
104,U Kaul,160,3
103,AA Bilakhia,120,1
102,AN Ahmed,160,3
101,JEC Franklin,220,6
100,Q de Kock,300,10
99,DB Das,280,9
98,Yashpal Singh,160,3
97,JM Kemp,120,1
96,SPD Smith,880,39
95,P Awana,200,5
94,Anureet Singh,200,5
93,SA Abbott,100,0
92,WPUJC Vaas,120,1
91,L Ablish,100,0
90,SK Warne,360,13
89,FH Edwards,100,0
88,DL Vettori,340,12
87,EJG Morgan,620,26
86,TR Birt,100,0
85,Y Gnaneswara Rao,140,2
84,MN van Wyk,240,7
83,S Rana,160,3
82,JP Faulkner,440,17
81,Ishan Kishan,120,1
80,MJ Guptill,100,0
79,TM Srivastava,180,4
78,Mandeep Singh,560,23
77,KS Williamson,240,7
76,R Bishnoi,120,1
75,S Narwal,140,2
74,Sunny Gupta,100,0
73,VRV Singh,160,3
72,UT Khawaja,120,1
71,A Symonds,520,21
70,DB Ravi Teja,360,13
69,VY Mahesh,220,6
68,KP Appanna,180,4
67,S Ladda,160,3
66,J Yadav,140,2
65,Younis Khan,120,1
64,Mohammad Ashraful,140,2
63,JDP Oram,260,8
62,MS Wade,100,0
61,KAJ Roach,120,1
60,RV Gomez,180,4
59,AG Murtaza,180,4
58,F du Plessis,760,33
57,Salman Butt,140,2
56,SB Wagh,140,2
55,KK Nair,340,12
54,DW Steyn,620,26
53,JA Morkel,520,21
52,AC Thomas,180,4
51,RR Bhatkal,120,1
50,MS Dhoni,2320,111
49,B Chipli,160,3
48,RJ Harris,460,18
47,BR Dunk,160,3
46,ST Jayasuriya,220,6
45,Mohammad Asif,100,0
44,DT Christian,380,14
43,CH Morris,460,18
42,PP Chawla,760,33
41,CK Kapugedera,180,4
40,YA Abdulla,100,0
39,MD Mishra,120,1
38,JO Holder,200,5
37,Abdur Razzak,100,0
36,A Mithun,260,8
35,S Kaushik,100,0
34,CA Pujara,220,6
33,JDS Neesham,100,0
32,CA Lynn,180,4
31,P Kumar,440,17
30,MM Patel,360,13
29,JP Duminy,680,29
28,AC Voges,180,4
27,PJ Cummins,120,1
26,SC Ganguly,560,23
25,SR Tendulkar,620,26
24,PV Tambe,120,1
23,JJ van der Wath,100,0
22,TD Paine,100,0
21,R Shukla,200,5
20,CJ Anderson,220,6
19,VH Zol,100,0
18,HM Amla,100,0
17,PA Patel,1600,75
16,WP Saha,1280,59
15,MV Boucher,460,18
14,PR Shah,380,14
13,M Klinger,100,0
12,AC Gilchrist,1600,75
11,Z Khan,500,20
10,SM Katich,180,4
9,Shoaib Akhtar,100,0
8,P Dogra,200,5
7,BJ Rohrer,200,5
6,JR Hopes,200,5
5,AT Rayudu,1140,52
4,MC Juneja,100,0
3,S Gopal,100,0
2,CJ Jordan,160,3
1,Shahid Afridi,180,4
0,MG Johnson,420,16
